date,actual_cases,new_cases_last_week,new_cases_2w_ago,active_cases,G_cough,G_covid,G_fatigue,G_fever,G_flu,G_headache,G_lockdown,G_sick,G_symptoms,G_tired,G_virus,T_CB_canada-covid19,T_CB_cases-today,T_CB_coronavirus-cases,T_CB_covid-cases,T_CB_covid19-cases,T_CB_covid19-pandemic,T_CB_have-increased,T_CB_johns-hopkins,T_CB_new-covid,T_CB_new-covid19,T_CB_social-distancing,T_CB_spread-of,T_CB_surged-to,T_CB_tested-positive,T_CB_wave-of,T_CU_case,T_CU_cases,T_CU_corona,T_CU_coronavirus,T_CU_covid,T_CU_covid19,T_CU_death,T_CU_deaths,T_CU_hopkins,T_CU_lockdown,T_CU_new,T_CU_ontario,T_CU_ottawa,T_CU_pandemic,T_CU_quarantinepositive,T_CU_testing,T_CU_tests,T_CU_toronto,T_GB_a-pandemic,T_GB_cases-of,T_GB_coronavirus-cases,T_GB_coronavirus-in,T_GB_covid-19,T_GB_covid19-cases,T_GB_covid19-in,T_GB_covid19-pandemic,T_GB_covid19-testing,T_GB_face-masks,T_GB_new-cases,T_GB_social-distancing,T_GB_spread-of,T_GB_tested-positive,T_GB_the-pandemic,T_GB_the-virus,T_GB_to-wear,T_GU_corona,T_GU_crisis,T_GU_death,T_GU_deaths,T_GU_positive,T_GU_restrictions
2020-04-08,9326,9970,5770,14079,585,654,257,594,369,568,77,546,645,334,621,0,0,1,0,0,0,0,0,0,0,1,0,0,0,0,0,4,24,9,3,10,1,2,0,1,6,4,0,2,0,0,0,2,0,2,1,0,7,2,0,6,0,0,1,17,7,2,3,5,1,1530,15,4,7,18,1
2020-04-09,9381,9662,6780,14712,561,637,274,602,354,551,71,531,627,300,585,0,0,1,0,0,0,0,0,0,0,1,0,0,0,0,0,4,31,9,4,13,1,2,0,1,8,6,0,2,0,0,0,4,0,1,1,0,6,2,0,5,0,0,1,12,6,1,2,5,1,1552,19,4,5,15,1
2020-04-10,9563,9625,7733,15535,548,621,284,582,344,539,68,519,600,317,555,0,0,1,0,0,0,0,0,0,0,1,0,0,0,0,0,4,34,9,5,13,1,2,0,1,8,6,0,2,0,0,0,3,0,1,1,0,6,2,0,3,0,0,1,13,5,1,2,5,2,1470,19,6,6,14,1
2020-04-11,10134,9735,8221,16071,547,600,297,562,340,540,66,497,581,321,534,0,0,1,0,0,0,0,0,0,0,0,0,0,0,0,0,4,30,8,5,12,1,2,0,0,7,3,0,1,0,0,0,2,0,0,1,0,5,1,0,3,0,0,1,12,4,1,0,5,2,1411,18,5,5,12,1
2020-04-12,10417,9553,8752,16607,527,578,302,560,329,545,65,504,563,358,500,0,0,1,0,0,0,0,0,0,0,0,0,0,0,0,0,4,29,8,5,12,1,2,0,1,7,4,0,1,0,0,0,4,0,0,1,0,5,1,1,4,0,0,1,15,3,1,3,7,2,1350,16,5,5,13,1
2020-04-13,10953,9145,9593,17127,499,551,330,574,312,525,65,498,546,371,467,0,0,0,0,0,0,0,0,0,0,0,0,0,0,0,0,3,30,7,4,13,0,2,0,1,8,5,0,1,0,0,0,4,0,0,0,0,5,1,1,2,0,0,1,15,5,1,3,8,2,1295,16,4,7,10,1
2020-04-14,11427,9263,9716,17833,481,534,358,578,297,552,67,502,535,364,443,0,0,0,0,0,0,0,0,0,0,0,0,0,0,0,0,1,29,4,5,9,0,2,0,1,6,7,0,0,0,0,0,8,0,0,0,0,6,0,1,2,0,0,1,16,4,1,3,6,2,1258,13,4,5,7,1
2020-04-15,11498,9326,9970,18671,443,518,375,562,287,537,70,501,515,409,417,0,0,0,0,0,0,0,0,0,0,0,0,0,0,0,0,0,28,3,5,8,0,0,0,1,4,7,0,0,0,0,0,8,0,0,0,0,7,0,1,2,0,0,0,17,5,0,6,5,1,1176,15,4,3,6,1
2020-04-16,12122,9381,9662,19169,417,504,377,540,282,566,69,514,499,407,400,0,0,0,0,0,0,0,0,0,0,0,0,0,0,0,0,0,23,2,3,5,0,0,0,1,2,5,0,0,0,0,0,7,0,0,0,0,7,0,1,2,0,1,0,17,5,0,6,5,1,1123,12,3,3,10,0
2020-04-17,12253,9563,9625,19989,401,494,388,529,268,577,69,507,491,398,384,0,0,0,0,0,0,0,0,0,0,0,0,0,0,0,0,0,18,0,2,4,0,0,0,1,2,4,0,0,0,0,0,7,0,0,0,0,6,0,1,2,0,1,0,17,5,0,6,6,1,1076,13,1,2,9,0
2020-04-18,11994,10134,9735,20925,386,489,389,526,252,570,66,519,480,380,366,0,0,0,0,0,0,0,0,0,0,0,0,0,0,0,0,0,17,0,2,4,0,0,0,1,2,4,0,0,0,1,0,7,0,0,0,0,6,1,2,1,0,1,1,15,7,0,6,5,1,1059,12,6,3,11,0
2020-04-19,11883,10417,9553,21629,370,484,387,516,236,572,64,497,470,385,347,0,0,0,0,0,0,0,0,0,0,0,0,0,1,0,0,0,18,2,4,17,0,0,0,2,4,5,0,3,0,1,0,9,1,3,1,2,9,1,5,4,2,3,3,18,7,3,4,8,1,961,15,9,12,16,0
2020-04-20,11836,10953,9145,22518,354,480,367,479,226,599,62,515,465,386,331,0,0,0,0,0,1,0,0,0,0,0,0,0,1,0,0,1,15,4,9,24,0,1,0,2,6,7,1,5,0,1,0,9,2,4,2,3,19,2,9,11,2,3,4,22,9,3,6,10,1,797,18,13,17,18,6
2020-04-21,11626,11427,9263,23496,332,467,338,458,218,591,57,493,455,376,313,0,0,0,0,0,2,0,0,0,0,0,0,0,1,0,0,1,11,5,13,31,1,1,0,2,6,8,1,6,0,1,0,7,3,5,6,7,24,6,13,22,3,4,5,26,13,3,8,12,1,709,20,15,20,17,8
2020-04-22,11561,11498,9326,24273,343,457,321,449,215,606,55,501,449,329,300,0,0,0,0,0,2,0,0,0,0,0,0,0,1,0,2,1,12,8,15,43,1,1,0,2,8,11,1,9,0,1,0,7,3,6,7,9,34,12,20,30,3,6,5,25,14,5,6,13,1,626,26,17,24,21,12
2020-04-23,11284,12122,9381,25282,339,451,311,447,217,579,56,486,449,371,290,0,0,0,0,0,4,0,0,0,0,0,0,0,1,0,2,1,10,10,16,55,1,1,0,2,10,13,1,12,0,1,0,8,3,11,9,11,42,14,23,39,4,6,5,27,18,5,6,16,2,526,31,20,25,20,14
2020-04-24,10994,12253,9563,26210,335,447,292,446,215,563,57,488,451,381,279,0,0,0,0,0,4,0,0,0,0,0,1,0,1,0,2,1,9,12,22,61,1,1,0,2,10,15,2,15,0,1,0,8,3,13,9,12,49,16,27,43,6,9,5,30,21,6,6,16,3,427,30,21,29,24,16
2020-04-25,11326,11994,10134,26897,335,438,307,438,208,583,60,480,444,389,267,0,0,0,0,1,5,0,0,0,1,1,1,0,1,0,2,2,8,14,22,73,1,1,0,3,14,15,2,16,0,0,0,8,3,14,11,14,56,16,28,51,8,10,4,31,21,7,7,16,3,310,36,18,28,26,16
2020-04-26,11485,11883,10417,27269,320,428,318,430,205,589,61,486,439,366,258,0,0,0,0,1,5,0,0,0,1,1,1,0,0,0,2,2,5,17,21,72,1,1,0,5,15,14,3,15,0,0,0,4,2,12,12,14,56,16,24,57,6,10,3,27,22,4,9,11,4,264,34,16,23,21,17
2020-04-27,12458,11836,10953,27842,321,422,332,425,205,559,61,465,439,355,250,0,0,0,0,2,5,0,0,0,2,1,1,0,0,0,2,2,5,17,22,72,1,1,0,7,14,16,3,15,0,0,0,6,3,13,15,15,53,16,25,60,8,10,5,22,26,6,8,11,5,255,41,15,25,25,13
2020-04-28,12308,11626,11427,28380,332,422,329,419,205,553,63,481,435,369,245,0,0,0,0,3,4,0,0,0,2,1,1,0,0,0,2,3,4,18,18,78,0,1,0,9,16,15,3,16,0,0,0,5,2,16,14,11,49,15,24,53,8,10,6,18,24,10,9,9,6,255,46,16,27,29,12
2020-04-29,12110,11561,11498,28742,316,422,327,414,206,561,60,479,440,393,238,0,0,0,0,4,7,0,0,0,3,2,1,0,1,0,0,5,3,17,21,83,0,1,0,12,18,20,5,16,0,0,0,7,5,19,18,16,58,13,26,57,9,11,6,21,24,11,8,10,7,264,52,19,35,34,16
2020-04-30,11904,11284,12122,29164,312,417,336,421,198,569,58,513,438,385,233,1,0,0,0,4,8,0,0,0,3,2,1,0,1,0,0,5,6,18,25,101,1,2,0,13,22,21,6,17,0,0,0,10,5,20,23,20,64,14,32,65,9,15,8,29,29,14,11,11,8,299,62,24,57,44,26
2020-05-01,11841,10994,12253,29495,300,409,351,408,190,555,55,519,429,386,229,1,0,0,0,4,8,0,0,0,3,2,0,0,1,0,0,5,7,23,26,118,1,2,0,13,27,25,7,15,0,0,0,14,7,21,30,20,84,17,34,76,11,13,10,30,30,15,16,12,8,337,78,27,65,50,34
2020-05-02,11353,11326,11994,29895,289,404,331,404,185,524,52,511,422,397,222,1,0,0,0,3,9,0,0,0,2,1,1,0,1,0,0,5,7,26,33,144,1,2,0,12,29,31,7,18,0,1,0,17,8,26,30,24,101,21,44,93,13,13,12,35,35,17,20,15,9,377,91,31,82,64,45
2020-05-03,11017,11485,11883,30276,280,399,316,408,181,512,50,495,419,408,215,2,0,0,0,4,11,0,0,0,2,1,1,0,1,0,0,6,7,25,37,147,1,2,0,9,28,37,7,20,0,1,1,18,8,26,33,27,116,24,45,110,16,14,12,37,35,18,20,20,8,408,102,35,84,73,51
2020-05-04,9624,12458,11836,31615,265,396,303,409,172,527,48,485,410,414,213,2,0,0,0,5,10,0,0,0,2,1,1,0,1,0,0,7,8,30,36,165,1,1,0,9,27,35,6,22,0,1,1,18,7,25,32,28,122,30,44,112,15,17,15,47,30,20,20,18,8,450,101,39,91,79,51
2020-05-05,9329,12308,11626,31776,252,389,307,414,164,526,45,468,411,395,206,3,0,0,0,4,11,0,0,0,2,3,1,0,1,0,0,8,7,31,39,173,3,2,0,7,29,38,7,25,0,1,2,18,7,26,34,28,131,33,46,127,17,18,17,56,32,17,20,21,8,470,111,46,92,81,55
2020-05-06,9219,12110,11561,31881,263,381,315,414,156,495,44,452,402,409,204,3,0,0,0,3,8,0,0,0,1,2,1,0,0,0,0,8,9,31,37,177,3,4,0,7,30,33,6,25,0,1,2,16,5,30,33,23,128,31,42,129,16,17,20,54,34,14,22,19,8,501,104,47,90,75,53
2020-05-07,8881,11904,11284,32010,260,376,316,391,150,475,44,407,398,398,198,2,0,0,0,3,6,0,0,0,1,2,1,0,0,0,0,9,7,32,37,168,3,4,0,7,28,32,5,23,0,1,2,11,7,26,28,21,137,31,35,128,15,13,19,51,29,14,21,18,7,519,101,47,78,73,47
2020-05-08,8594,11841,10994,32269,262,372,303,397,148,458,42,411,399,403,191,4,0,0,0,3,8,0,0,0,1,2,2,0,0,0,1,11,6,31,37,174,3,5,0,9,29,32,3,24,0,1,2,9,7,32,27,23,129,33,36,133,18,13,22,48,36,13,20,18,6,527,102,46,80,76,46
2020-05-09,8304,11353,11326,32603,271,367,301,388,151,465,42,412,402,397,189,4,0,0,0,3,9,0,0,0,1,2,2,0,0,0,3,11,5,33,35,168,3,7,0,11,31,31,4,26,0,1,2,9,7,27,26,22,118,33,28,121,16,13,22,47,39,11,20,21,5,529,96,45,73,68,41
2020-05-10,8295,11017,11485,32697,277,362,319,381,150,463,41,425,400,412,186,3,0,0,0,3,7,0,0,0,2,2,3,0,0,0,3,11,7,33,39,172,3,7,0,12,35,30,4,23,0,2,1,10,7,30,24,21,126,32,33,109,18,10,21,45,42,12,18,17,6,516,87,44,70,70,37
2020-05-11,8254,9624,12458,32856,292,355,356,368,147,451,40,427,397,403,180,3,0,0,0,3,8,0,0,0,1,3,3,0,0,0,3,11,7,27,38,171,3,7,0,11,36,31,6,20,0,2,1,9,8,31,24,23,123,28,31,103,19,7,16,39,40,10,18,18,6,488,82,40,60,63,37
2020-05-12,8143,9329,12308,33009,289,352,372,352,148,461,41,421,403,397,178,2,0,0,0,5,7,0,0,0,2,1,3,0,1,0,4,11,7,28,40,176,2,6,0,12,36,34,7,17,0,2,1,13,9,31,23,27,120,26,31,97,16,6,14,32,40,11,19,20,5,479,72,37,59,70,36
2020-05-13,8100,9219,12110,32936,278,352,391,350,145,456,42,409,402,388,174,2,1,0,0,6,8,0,0,0,3,1,3,0,2,0,4,10,6,32,41,183,2,4,0,13,37,34,6,17,0,2,2,14,9,24,22,30,113,28,28,100,19,11,13,35,41,13,21,27,6,469,77,37,56,78,34
2020-05-14,8030,8881,11904,32836,283,353,396,353,145,467,42,417,397,392,170,2,1,0,0,8,9,0,0,0,3,2,3,0,2,0,4,11,7,37,42,192,1,3,0,13,36,40,7,18,0,3,2,16,12,25,21,30,110,29,34,106,29,13,14,36,45,14,25,31,6,441,75,39,61,79,37
2020-05-15,7980,8594,11841,32966,281,354,423,341,144,489,43,411,397,406,169,0,1,0,0,10,7,0,0,0,3,2,2,0,2,0,3,11,7,34,39,186,1,2,0,12,34,36,10,19,0,3,2,14,12,17,18,29,103,27,30,118,27,12,11,36,40,14,29,31,7,435,71,42,60,76,32
2020-05-16,8012,8304,11353,33253,260,351,430,348,138,494,42,417,394,418,165,1,1,0,0,10,4,0,0,0,3,2,1,0,2,0,1,10,7,31,41,176,2,0,0,11,29,38,9,13,0,2,2,13,14,17,18,29,115,28,29,123,28,14,10,41,31,15,26,31,9,419,70,52,64,73,31
2020-05-17,7979,8295,11017,33444,262,350,426,356,134,482,45,422,387,431,163,2,1,0,0,12,6,0,0,0,3,2,0,0,2,0,1,13,5,28,37,187,2,0,0,10,29,37,9,16,0,1,2,13,17,19,17,26,104,29,26,121,24,17,12,43,31,13,29,31,8,438,72,48,66,66,33
2020-05-18,7809,8254,9624,33736,243,347,413,351,134,474,45,426,393,438,157,2,1,0,0,12,6,0,0,0,4,2,0,0,2,0,1,14,5,29,44,187,2,0,0,10,34,37,7,16,0,1,3,14,16,21,18,27,119,31,34,130,22,19,14,46,34,12,34,34,8,484,76,54,77,73,35
2020-05-19,7760,8143,9329,34067,249,337,403,351,135,457,45,430,387,476,155,2,1,0,0,10,6,0,0,0,3,3,0,0,1,0,0,13,6,28,47,182,1,0,0,10,40,32,8,15,0,3,2,11,16,22,17,24,132,33,35,127,24,23,15,64,36,11,33,32,10,530,77,53,80,79,37
2020-05-20,7621,8100,9219,34300,246,331,394,346,134,463,43,433,389,481,152,2,0,0,0,11,5,0,0,0,3,3,0,0,0,0,0,17,6,27,50,175,1,0,0,6,40,33,9,13,0,3,1,11,16,24,19,21,139,35,36,116,24,19,16,61,34,12,32,28,8,526,71,48,83,74,38
2020-05-21,7436,8030,8881,34528,232,323,380,348,129,450,42,433,391,488,149,3,0,0,0,10,5,0,0,0,3,2,0,0,0,0,0,17,5,21,50,176,1,2,0,5,42,39,9,13,0,2,1,12,11,22,20,23,132,36,31,107,22,17,17,62,33,10,29,28,8,523,71,47,81,72,34
2020-05-22,7257,7980,8594,34648,227,316,379,357,126,457,40,408,395,480,147,3,0,0,1,9,5,0,0,1,4,4,0,0,0,0,0,18,6,22,54,182,1,2,0,4,47,43,6,11,0,2,1,16,9,24,23,23,133,35,31,87,20,20,17,66,33,12,25,28,8,533,85,46,78,72,35
2020-05-23,6979,8012,8304,34887,229,315,364,359,124,451,38,403,397,486,145,2,0,0,1,10,5,0,0,1,4,4,0,0,0,0,0,20,7,20,55,171,0,2,0,3,46,39,7,13,0,2,1,14,7,24,25,21,124,35,37,86,20,21,17,63,35,14,26,31,8,540,80,34,68,75,37
2020-05-24,6556,7979,8295,35271,226,314,362,344,121,445,34,409,406,464,142,1,0,0,1,9,4,0,0,1,7,5,0,0,0,0,1,18,10,19,60,168,2,3,0,2,46,39,7,14,0,2,1,13,7,22,24,22,133,38,38,89,21,18,17,60,32,15,25,31,8,517,84,39,73,77,34
2020-05-25,6405,7809,8254,35479,231,316,351,370,122,411,34,425,401,504,143,2,0,0,1,7,4,0,0,1,6,4,0,0,0,0,1,16,9,21,58,168,4,4,0,3,47,40,8,17,0,2,0,21,7,22,22,19,126,34,33,83,21,17,17,72,34,15,22,31,8,480,88,40,65,69,35
2020-05-26,6196,7760,8143,35732,216,323,353,369,119,404,31,456,400,489,139,2,0,0,1,9,5,0,0,1,8,3,0,0,1,0,1,17,10,23,57,170,4,4,0,4,46,43,6,20,0,0,1,22,6,19,22,22,120,33,31,86,20,12,15,58,33,15,22,30,8,433,81,38,68,53,33
2020-05-27,5890,7621,8100,35911,209,324,329,352,117,411,29,495,401,497,136,2,0,0,1,10,5,0,0,1,8,3,0,0,1,0,1,15,11,25,53,184,5,4,0,6,47,48,5,19,0,1,1,28,6,16,22,29,121,34,31,92,21,11,14,64,32,17,26,33,14,445,82,44,72,60,33
2020-05-28,5685,7436,8030,35855,202,325,335,343,115,432,27,500,402,483,132,1,0,0,1,11,6,0,0,1,11,3,0,0,3,0,2,16,9,23,56,177,5,3,0,9,49,40,5,19,0,2,1,28,7,18,25,28,121,34,30,96,15,15,17,66,30,21,27,29,18,436,81,43,71,65,40
2020-05-29,5316,7257,7980,36067,201,323,335,335,117,429,28,524,393,459,128,2,0,0,0,11,7,0,0,0,10,1,1,0,3,0,2,14,8,21,59,184,5,3,0,11,48,35,5,19,0,2,1,25,7,15,22,30,126,34,29,93,15,17,18,66,29,20,26,28,19,419,59,43,74,71,45
2020-05-30,5066,6979,8012,36236,204,320,339,331,113,411,28,535,396,438,122,2,0,0,0,11,7,0,0,0,11,1,1,0,4,0,3,13,7,22,55,192,5,4,0,12,52,36,4,18,0,3,1,28,7,20,22,35,122,33,24,89,13,14,23,66,39,22,28,24,17,410,56,50,88,75,47
2020-05-31,4808,6556,7979,36334,199,314,330,318,108,415,29,524,393,422,117,2,1,0,0,11,7,0,0,0,9,0,1,0,4,0,4,13,4,24,46,184,4,3,0,17,52,34,3,15,0,3,1,28,5,19,24,37,115,32,26,85,13,15,24,64,44,23,30,29,17,403,53,50,96,78,51
2020-06-01,4703,6405,7809,36148,199,309,329,301,96,454,28,499,393,387,114,1,1,0,0,12,6,0,0,0,10,0,1,0,4,0,4,14,4,21,43,182,2,2,0,16,49,34,2,11,0,3,1,19,4,18,24,42,106,33,29,82,13,14,28,49,38,25,28,28,18,389,47,53,99,85,48
2020-06-02,4500,6196,7760,36090,214,302,330,294,88,458,28,475,391,367,112,1,1,0,0,11,5,0,0,0,9,0,1,0,3,1,5,13,2,17,41,176,2,2,0,16,46,33,1,8,0,3,0,16,5,20,23,45,99,32,30,84,13,16,31,45,36,26,32,27,18,378,53,61,95,88,49
2020-06-03,4289,5890,7621,36071,212,294,352,298,80,447,28,440,389,345,110,1,1,0,0,9,6,0,0,0,9,0,1,0,4,1,5,11,0,13,40,164,1,2,0,14,45,26,1,9,0,3,0,9,5,23,18,43,86,30,35,82,13,15,31,42,41,24,26,23,12,367,49,62,93,85,51
2020-06-04,4081,5685,7436,35967,217,286,361,308,76,443,28,426,390,346,109,1,1,0,0,7,4,0,0,0,6,0,1,0,2,1,4,9,2,16,38,157,1,1,0,12,42,23,0,7,0,2,1,6,5,24,14,45,94,29,34,87,16,14,32,31,43,20,23,24,7,370,53,64,106,76,46
2020-06-05,3895,5316,7257,35763,218,281,359,297,68,444,25,413,392,381,106,0,1,0,0,6,4,0,0,0,6,0,0,0,2,1,5,10,3,16,30,142,2,2,0,11,44,27,0,8,0,3,1,7,9,30,14,49,89,30,35,90,16,9,37,29,39,19,21,26,4,350,53,63,104,72,47
2020-06-06,3657,5066,6979,35557,212,275,365,297,64,447,23,403,391,384,106,0,1,0,0,6,6,0,0,0,6,0,0,0,3,1,4,10,6,15,29,143,2,1,0,11,46,28,0,12,0,2,1,6,19,26,12,44,89,28,37,99,16,10,32,31,29,16,36,25,6,340,61,63,90,69,41
2020-06-07,3585,4808,6556,34960,211,270,370,300,62,444,20,408,390,402,105,0,1,0,0,5,5,0,0,0,5,0,0,0,3,1,2,12,7,14,33,137,1,1,0,6,44,27,1,10,0,3,3,5,29,25,12,46,87,27,37,91,17,13,36,35,27,14,48,24,16,341,58,66,93,61,45
2020-06-08,3240,4703,6405,35014,211,268,369,309,63,458,19,421,393,418,103,0,2,0,0,6,7,0,0,1,5,0,0,0,3,1,3,12,7,13,30,125,1,1,0,5,41,23,1,14,0,3,3,4,46,24,16,38,84,32,33,103,19,14,34,36,29,11,63,20,15,355,55,76,102,59,50
2020-06-09,3002,4500,6196,34996,196,272,374,314,63,452,19,413,389,426,102,1,2,0,0,7,8,0,0,1,6,0,0,0,4,0,2,14,7,14,28,124,1,1,0,3,40,22,1,16,0,3,3,4,59,22,15,35,89,33,32,100,23,15,35,38,27,12,84,22,14,382,51,73,109,62,55
2020-06-10,2875,4289,5890,34657,203,274,368,316,64,444,19,427,385,436,100,1,2,0,0,6,7,0,0,1,5,0,0,0,3,0,2,15,7,13,33,117,1,1,0,4,39,27,3,22,0,4,3,5,64,25,19,34,95,32,30,106,22,15,42,38,23,12,109,21,23,367,51,69,109,61,57
2020-06-11,2785,4081,5685,34007,202,275,361,301,62,452,18,423,384,453,98,2,2,0,0,6,7,0,0,1,5,0,0,0,3,0,2,15,5,11,32,116,1,1,0,3,38,31,3,28,0,4,2,6,74,23,22,30,86,29,31,92,18,17,41,44,19,13,142,23,25,340,47,64,91,63,54
2020-06-12,2726,3895,5316,33386,200,274,356,309,62,445,19,425,383,450,99,2,2,0,0,7,8,0,0,1,6,0,0,0,3,0,1,14,6,10,34,113,0,0,0,2,31,34,3,36,0,4,2,6,88,18,27,25,88,29,30,105,16,19,35,48,22,13,155,19,31,353,49,67,92,54,50
2020-06-13,2722,3657,5066,32911,208,275,347,311,64,444,19,434,377,448,98,2,3,0,0,7,12,0,0,2,6,0,0,0,2,0,1,15,4,11,41,115,0,0,0,2,34,33,4,44,0,4,3,5,88,24,32,28,96,36,30,102,19,22,45,40,24,12,152,20,32,332,51,74,95,53,52
2020-06-14,2641,3585,4808,32469,215,277,370,316,63,436,20,419,379,451,100,3,2,0,0,8,12,0,2,2,6,1,0,0,2,0,2,13,5,13,43,126,1,0,2,4,32,35,3,49,0,4,1,9,92,24,30,26,86,37,30,108,17,19,42,43,22,14,161,20,24,325,53,70,93,53,45
2020-06-15,2584,3240,4703,31870,207,274,383,312,61,412,20,426,379,428,96,3,2,0,0,8,10,1,2,1,6,2,0,0,2,0,1,13,5,13,48,127,1,0,2,4,33,37,3,48,0,4,2,9,96,25,26,29,91,37,32,101,17,21,42,42,21,16,160,26,28,314,56,61,92,51,43
2020-06-16,2565,3002,4500,31447,212,268,402,313,58,407,19,443,384,453,96,3,2,0,0,6,9,1,2,1,4,5,0,0,1,0,1,10,5,11,46,125,1,0,2,4,29,43,4,49,0,4,3,11,91,25,31,31,87,36,30,100,13,19,39,85,24,14,153,28,31,290,60,59,88,55,41
2020-06-17,2590,2875,4289,31337,212,266,410,320,57,406,19,421,386,478,97,3,2,0,0,6,9,1,2,1,4,11,0,0,1,0,1,8,5,11,45,119,1,0,2,4,27,41,2,47,0,2,3,14,98,22,29,26,83,37,27,140,11,19,33,141,25,11,153,32,27,277,64,59,87,51,38
2020-06-18,2517,2785,4081,31119,215,265,433,331,57,382,20,439,391,461,99,3,2,0,0,7,9,1,2,1,5,12,0,0,1,0,1,8,6,11,44,113,2,0,2,7,31,43,2,47,0,2,3,15,95,24,29,25,79,43,27,144,13,17,31,198,25,10,147,30,28,283,60,64,88,56,41
2020-06-19,2506,2726,3895,30973,216,265,425,331,57,384,19,462,389,456,95,3,2,0,0,7,7,1,2,1,5,12,0,0,1,0,1,9,4,12,45,100,3,0,2,8,32,42,2,37,0,1,4,14,83,24,23,24,73,42,26,126,16,16,33,236,24,10,154,32,24,253,56,62,81,62,41
2020-06-20,2242,2722,3657,30861,205,265,436,320,56,399,20,480,396,492,96,3,1,0,0,6,1,1,2,0,4,14,0,0,0,0,3,7,3,10,40,97,4,0,2,9,28,42,1,28,0,1,3,14,85,18,20,25,64,39,27,119,16,13,26,298,21,10,157,33,23,270,52,60,87,67,49
2020-06-21,2119,2641,3585,30682,200,266,429,309,56,402,18,495,398,468,94,2,1,0,1,4,1,1,0,1,3,13,0,0,0,0,2,6,2,8,44,80,3,0,0,9,32,44,2,24,0,0,3,13,80,20,23,23,71,37,27,117,16,14,28,376,18,11,154,31,22,265,54,64,76,74,52
2020-06-22,2113,2584,3240,30568,198,266,423,300,61,413,17,481,392,469,95,2,0,0,2,2,2,0,0,2,3,15,0,0,0,0,3,7,3,10,41,81,3,0,0,11,33,43,2,24,0,1,2,15,74,21,23,23,71,36,25,112,16,13,33,431,18,9,159,29,17,244,52,63,73,71,49
2020-06-23,2402,2565,3002,30466,200,267,412,307,65,445,16,489,397,458,93,1,0,0,2,3,3,0,0,2,3,14,0,0,1,0,3,8,4,13,41,84,3,0,0,13,34,36,1,29,0,1,2,16,79,18,26,25,66,39,28,106,19,13,35,432,16,11,170,27,19,241,52,62,81,66,44
2020-06-24,2324,2590,2875,30435,204,266,399,303,66,460,15,517,402,435,92,1,0,0,2,4,3,0,0,2,4,9,0,0,2,0,3,9,5,14,40,86,3,1,0,14,33,32,2,29,0,1,3,13,76,18,27,32,68,39,28,56,20,12,36,404,18,17,165,24,16,237,49,64,75,70,44
2020-06-25,2197,2517,2785,30335,198,266,383,305,69,447,13,518,410,446,90,0,1,0,2,5,2,0,0,2,5,11,0,0,2,0,3,11,5,13,37,86,2,1,0,11,30,27,2,27,0,1,3,15,77,18,30,36,66,39,31,50,20,12,36,406,20,18,172,25,18,239,48,56,71,68,42
2020-06-26,2185,2506,2726,30348,192,268,402,312,71,427,13,501,424,426,92,0,1,0,2,4,2,0,0,2,4,11,0,0,2,1,3,9,6,11,38,91,1,1,0,13,29,22,4,34,0,1,3,16,88,20,36,38,68,38,36,52,18,12,37,402,21,18,181,29,18,241,49,58,75,72,37
2020-06-27,2334,2242,2722,30219,199,272,391,309,72,414,12,488,430,417,91,0,2,0,4,5,2,0,0,3,4,12,0,0,2,1,1,12,6,10,38,85,0,1,0,11,30,22,4,33,0,1,3,20,82,19,37,35,61,39,32,50,16,11,34,389,22,16,179,25,23,229,45,46,76,67,28
2020-06-28,2312,2119,2641,30206,192,278,380,329,75,436,13,492,440,475,89,0,2,0,4,7,2,0,0,2,4,14,0,0,2,1,1,15,5,11,34,91,0,1,0,9,28,24,5,35,0,1,3,21,85,20,34,36,59,50,30,53,15,15,35,377,29,13,176,26,22,238,37,39,74,59,26
2020-06-29,2225,2113,2584,30275,190,283,392,342,74,421,13,483,451,509,89,0,3,0,4,8,1,0,0,3,4,13,0,0,3,1,0,14,5,10,39,93,0,1,0,7,32,30,5,35,0,0,3,25,78,18,33,36,63,51,31,58,14,13,27,370,31,15,173,24,25,246,39,38,64,62,27
2020-06-30,2007,2402,2565,29888,182,284,387,331,79,412,14,446,453,511,89,0,3,0,4,8,0,0,0,3,4,14,1,0,2,1,0,14,4,8,43,82,0,1,0,7,34,31,5,30,0,0,2,27,89,21,29,32,69,56,28,60,13,15,28,369,32,14,172,24,27,231,38,48,49,66,29
2020-07-01,1932,2324,2590,29731,168,287,396,329,116,421,14,414,458,492,99,0,3,0,4,7,0,0,0,3,3,18,1,0,1,1,0,13,4,7,40,84,0,0,0,6,36,30,4,30,0,0,1,28,90,25,29,29,70,60,27,66,13,20,30,386,30,10,184,29,27,235,42,47,50,67,29
2020-07-02,2054,2197,2517,29742,165,287,389,332,131,449,15,400,451,492,101,0,2,0,4,5,0,0,0,3,2,15,2,0,1,1,1,10,3,7,45,83,0,0,0,7,34,33,4,27,0,0,1,26,97,23,26,27,70,57,29,73,14,17,27,373,31,7,172,26,25,227,45,47,50,68,32
2020-07-03,2019,2185,2506,29473,177,288,364,335,135,486,14,405,451,504,102,0,2,0,4,6,0,0,0,3,2,18,2,0,2,0,1,11,3,9,41,91,0,0,0,5,35,36,2,24,0,0,2,30,92,23,22,26,66,58,30,72,14,18,26,389,34,7,168,24,29,229,44,46,43,70,34
2020-07-04,2018,2334,2242,29430,174,287,364,338,139,496,13,392,454,461,103,0,1,0,2,7,0,0,0,2,4,16,2,0,2,1,1,11,4,13,39,97,0,0,0,7,33,34,2,25,0,0,4,28,97,24,20,25,68,57,30,70,12,19,30,409,37,9,183,28,26,231,43,52,39,71,37
2020-07-05,1970,2312,2119,29346,187,284,378,333,140,477,12,385,451,424,106,0,1,0,1,5,2,0,0,2,4,20,2,0,2,1,1,8,5,13,35,99,0,0,0,8,34,26,1,28,0,0,4,26,97,23,24,27,68,49,31,65,13,20,30,435,34,11,199,28,28,237,46,58,46,77,43
2020-07-06,1966,2225,2113,29293,193,283,360,332,137,480,12,405,458,422,107,0,1,0,0,6,2,0,0,0,4,20,2,0,1,1,1,8,4,14,29,93,0,0,0,9,27,20,1,27,0,0,4,20,99,23,28,27,65,47,28,59,15,20,33,455,33,10,205,30,26,236,43,50,55,76,45
2020-07-07,2217,2007,2402,29382,200,287,359,341,135,466,11,415,466,413,110,0,1,0,0,5,2,0,0,0,4,18,1,0,1,1,1,7,4,13,28,88,0,0,0,7,24,18,1,29,0,0,4,15,81,21,29,24,54,39,27,57,14,18,30,447,31,10,194,32,25,226,44,35,55,70,48
2020-07-08,2316,1932,2324,29256,212,289,361,356,101,454,11,431,472,440,101,0,3,0,1,6,2,0,0,1,5,15,1,0,1,1,1,9,4,11,30,85,0,0,0,7,27,23,2,26,0,0,4,17,76,17,30,24,53,36,28,47,15,14,28,455,31,9,187,35,26,213,39,34,58,69,49
2020-07-09,2346,2054,2197,29183,222,291,380,355,87,461,12,443,480,449,99,0,3,0,1,6,3,0,0,1,4,17,0,0,1,1,1,9,4,11,28,87,0,0,0,6,28,18,2,28,0,0,4,22,74,18,32,20,52,38,21,42,15,15,30,446,29,11,179,36,24,217,36,36,57,63,51
2020-07-10,2471,2019,2185,29168,211,289,398,368,83,429,14,437,479,463,97,0,3,0,1,5,6,0,0,1,4,17,0,0,0,1,1,8,3,9,28,81,0,0,0,6,26,15,2,32,0,0,2,17,73,17,36,17,55,38,16,48,16,15,27,429,25,11,176,38,20,221,35,32,59,58,53
2020-07-11,2583,2018,2334,29151,216,285,411,392,79,432,15,430,481,484,94,0,3,0,2,3,7,0,0,2,2,18,0,0,0,0,1,6,2,6,30,71,0,0,0,6,22,19,3,35,0,0,0,17,79,16,41,17,55,37,14,46,20,16,25,413,20,11,172,37,22,225,32,33,60,58,49
2020-07-12,2773,1970,2312,28951,211,279,398,396,75,423,16,436,474,498,91,0,3,0,2,3,5,0,0,2,2,15,0,0,1,0,1,6,1,5,28,68,0,0,0,6,18,20,2,31,0,0,0,16,80,16,36,16,53,35,10,51,23,14,20,381,21,14,165,35,26,200,34,28,50,65,45
2020-07-13,2891,1966,2225,28943,212,279,398,396,73,429,16,437,473,472,90,0,2,0,3,1,6,0,0,3,2,16,0,0,2,0,2,5,2,3,32,74,0,0,0,6,20,21,4,34,0,1,0,19,80,16,33,14,48,33,11,53,20,14,18,367,20,17,166,36,28,199,35,25,49,74,43
2020-07-14,3020,2217,2007,29239,214,280,399,401,67,444,16,443,474,476,88,1,3,0,4,2,6,0,0,4,3,18,0,0,2,0,2,7,2,4,37,77,0,0,0,8,22,22,6,34,0,1,0,19,80,18,30,20,52,33,11,61,20,15,16,360,24,15,171,36,25,210,31,30,53,76,39
2020-07-15,3277,2316,1932,29204,206,285,395,390,69,422,17,433,476,480,87,2,1,0,3,1,7,0,0,3,2,17,0,0,3,0,2,6,1,4,36,76,0,0,0,8,16,21,5,35,0,1,1,16,82,16,30,17,51,33,12,71,19,24,15,336,21,15,167,28,26,222,31,29,55,77,38
2020-07-16,3448,2346,2054,29220,212,288,390,389,68,414,16,442,472,451,89,2,2,0,4,1,7,0,0,4,3,15,0,0,3,0,2,7,1,3,36,73,0,0,0,11,18,22,5,34,0,1,1,9,78,14,26,22,55,30,14,70,16,24,13,315,20,13,171,26,26,212,32,30,57,74,31
2020-07-17,3471,2471,2019,29298,209,292,399,376,67,433,15,456,466,420,90,2,2,0,4,1,4,0,0,4,3,14,0,0,3,0,2,7,3,3,39,68,0,0,0,10,17,22,5,28,0,1,1,10,79,15,19,30,50,30,14,70,15,27,13,309,19,14,173,25,29,206,30,30,59,75,28
2020-07-18,3582,2583,2018,5873,210,300,416,362,71,423,14,468,461,436,92,2,2,0,4,1,3,0,0,4,3,13,0,0,4,0,2,8,4,2,36,67,0,0,0,8,20,21,5,28,0,1,1,10,67,17,19,31,58,31,15,72,13,26,13,313,24,17,172,27,26,210,30,24,62,81,32
2020-07-19,3555,2773,1970,6008,208,307,414,375,75,437,14,459,461,425,92,2,3,0,5,1,3,0,0,5,3,11,0,0,4,0,2,8,4,2,43,69,0,0,0,8,22,27,6,31,0,1,1,12,65,18,20,31,62,29,17,66,11,24,13,317,21,15,167,37,22,224,29,27,68,72,29
2020-07-20,3552,2891,1966,6181,217,309,436,366,82,449,14,443,456,449,94,2,4,0,5,3,2,0,0,5,3,10,1,0,3,0,1,10,3,6,44,74,0,1,0,8,28,30,4,29,0,0,1,12,78,19,21,34,68,33,17,73,11,24,16,321,24,12,170,38,21,223,30,31,64,66,31
2020-07-21,3466,3020,2217,6562,211,309,437,359,84,443,14,432,444,462,93,1,4,0,5,2,3,0,0,5,2,8,1,0,3,0,1,9,4,6,44,78,0,1,0,8,37,33,4,26,0,0,1,13,81,18,23,32,70,33,20,70,9,25,19,320,24,14,168,38,22,218,32,29,67,67,29
2020-07-22,3315,3277,2316,6834,214,311,467,364,84,486,13,437,437,435,92,0,4,0,5,3,2,1,0,5,2,7,1,0,2,0,1,9,4,6,46,88,0,1,0,9,38,33,5,28,0,1,1,15,84,19,22,36,68,33,22,66,10,15,18,322,23,17,181,41,20,221,34,29,62,67,32
2020-07-23,3297,3448,2346,6956,206,315,480,369,85,470,13,440,441,458,90,0,3,1,5,5,2,1,1,4,1,18,1,0,2,0,1,13,4,8,47,96,0,5,1,7,37,36,6,31,0,2,1,16,81,26,27,34,65,35,22,68,11,17,22,351,25,20,197,41,26,228,38,28,71,78,38
2020-07-24,3169,3471,2471,7045,214,317,486,361,87,472,13,416,444,492,89,0,4,1,6,5,4,1,1,5,1,18,1,0,2,0,1,14,2,9,45,100,0,5,1,9,39,39,7,34,0,2,1,16,89,26,29,29,69,34,20,68,10,23,27,366,25,24,208,42,27,232,45,29,76,79,37
2020-07-25,3121,3582,2583,7231,222,316,463,386,84,468,14,420,442,501,87,0,4,1,5,5,4,1,1,4,1,17,1,0,1,0,1,12,2,10,49,93,0,5,1,12,37,36,6,30,0,2,1,14,103,25,29,26,60,34,23,69,10,24,28,362,25,23,204,40,32,224,52,28,71,75,36
2020-07-26,3055,3555,2773,7320,229,316,479,390,85,485,13,426,450,516,85,0,3,1,4,5,4,1,1,3,1,17,1,0,0,1,1,11,4,9,45,88,0,5,1,13,36,31,5,26,0,2,2,11,110,21,33,24,57,37,22,72,9,28,28,350,25,21,209,31,39,224,49,27,68,80,36
2020-07-27,2964,3552,2891,7391,223,316,486,394,84,500,12,437,450,491,80,0,2,1,4,3,6,1,1,3,0,20,2,0,0,1,1,12,4,8,42,85,0,5,1,14,28,27,7,33,0,2,2,13,100,21,32,23,58,34,21,67,11,31,27,339,26,20,210,27,41,237,50,30,70,77,39
2020-07-28,2452,3466,3020,7598,216,314,479,404,84,507,12,456,451,482,81,0,1,2,3,3,5,1,1,2,0,22,2,0,0,1,1,13,4,9,36,85,0,5,1,14,20,27,5,34,0,3,2,13,98,23,32,19,57,34,24,66,15,29,31,333,24,23,216,26,38,253,50,33,80,77,42
2020-07-29,2778,3315,3277,7720,213,309,477,400,81,487,12,459,446,500,82,0,1,2,3,2,6,0,1,2,0,23,2,0,0,1,2,12,4,10,33,66,0,5,1,12,22,23,4,35,0,3,1,11,100,22,34,16,59,33,23,82,13,32,31,315,26,20,200,24,38,246,48,35,87,81,37
2020-07-30,2666,3297,3448,7879,222,306,470,403,79,493,11,448,441,510,83,0,2,1,3,0,5,0,0,3,0,14,2,0,0,1,2,8,4,8,30,60,0,1,0,11,20,22,3,30,0,2,3,10,106,15,32,15,62,31,24,80,14,30,28,314,23,20,194,24,34,250,42,40,83,74,31
2020-07-31,2689,3169,3471,7812,228,306,461,416,78,487,11,473,439,489,83,0,1,1,2,0,3,0,0,2,0,14,2,0,0,1,2,8,4,7,29,56,0,1,0,11,18,19,2,29,0,2,3,11,91,13,34,14,61,30,27,68,15,22,26,307,22,16,192,20,32,235,37,43,81,71,33
2020-08-01,2616,3121,3582,7941,220,306,453,395,78,492,10,476,440,467,82,0,2,1,3,1,4,0,0,3,1,15,2,0,0,1,2,10,4,6,27,69,0,1,0,8,19,19,2,30,0,2,3,11,80,12,32,17,62,29,22,66,20,20,25,294,19,12,184,18,29,230,32,43,77,58,31
2020-08-02,2588,3055,3555,7996,221,305,450,372,76,465,10,463,436,451,83,0,2,1,4,1,7,0,0,4,3,18,3,0,0,0,3,11,3,8,30,80,0,1,0,6,23,22,4,37,0,2,2,15,78,12,36,17,58,27,21,65,19,14,25,287,22,12,183,21,21,221,30,42,73,60,31
2020-08-03,2575,2964,3552,8079,217,302,434,373,73,439,11,463,434,451,84,0,2,1,3,1,5,0,0,3,3,14,1,0,1,0,3,7,3,6,28,73,0,0,0,5,21,24,2,30,0,2,2,12,79,19,39,20,61,29,24,59,17,17,29,293,21,13,178,21,22,203,24,39,76,60,24
2020-08-04,3063,2452,3466,8262,224,298,444,354,77,431,12,438,429,436,79,0,2,0,3,1,5,0,0,3,3,12,1,0,1,0,3,5,3,4,27,71,0,0,0,5,17,22,2,29,0,2,3,13,83,19,41,22,64,29,20,55,16,18,25,301,24,10,192,22,20,207,22,33,60,56,22
2020-08-05,2674,2778,3315,8134,235,297,423,349,80,403,12,446,430,418,75,0,2,0,3,2,4,0,0,3,4,13,1,0,1,0,2,6,4,3,30,78,0,0,0,6,16,23,4,26,0,1,3,15,88,21,40,21,65,31,18,39,18,19,24,320,26,11,204,22,19,203,19,29,50,56,27
2020-08-06,2692,2666,3297,8175,216,292,417,338,85,403,13,438,428,400,71,0,2,0,3,3,5,0,0,3,5,14,1,0,1,0,1,7,4,3,32,80,0,0,0,8,17,22,4,31,0,1,1,16,101,23,40,21,61,29,17,48,16,21,22,305,28,9,202,24,22,211,20,25,46,56,26
2020-08-07,2719,2689,3169,8219,217,285,423,336,86,395,13,438,427,402,70,0,2,0,3,3,5,0,0,3,5,14,1,0,1,0,1,6,5,4,33,79,0,0,0,8,17,25,4,32,0,1,4,16,112,26,38,23,58,34,16,53,16,20,25,304,31,8,188,28,22,236,21,21,52,57,28
2020-08-08,2713,2616,3121,8312,217,278,446,324,87,397,14,426,431,415,71,0,2,0,3,2,6,0,1,3,4,17,1,0,1,0,2,5,4,7,37,78,1,2,1,10,19,29,4,36,0,1,4,18,117,33,37,22,62,32,23,56,11,25,26,312,31,10,204,29,29,225,22,23,57,68,28
2020-08-09,2681,2588,3055,8416,236,272,436,316,88,422,15,435,434,414,72,0,2,0,3,3,3,0,1,2,2,16,0,0,2,0,1,6,3,7,37,73,1,2,1,12,15,30,5,29,0,1,5,17,115,35,31,28,66,36,24,69,14,26,27,320,30,10,192,27,40,231,25,24,57,60,31
2020-08-10,2637,2575,2964,8462,245,268,429,329,90,433,15,447,430,416,71,0,2,0,3,6,4,0,2,2,3,16,0,0,1,0,1,9,3,7,37,76,1,2,2,13,21,30,5,31,0,2,5,16,112,27,32,30,55,42,22,73,14,20,20,312,27,9,201,27,38,233,31,24,46,59,32
2020-08-11,2676,3063,2452,6528,247,268,436,352,87,442,15,460,437,413,72,0,2,0,3,6,4,0,2,3,3,19,0,0,1,0,1,9,4,7,40,78,1,2,2,11,23,28,5,31,0,1,5,16,113,26,29,30,47,43,21,81,15,20,18,307,23,8,187,27,45,214,30,29,48,62,32
2020-08-12,2686,2674,2778,6478,248,265,440,366,92,464,16,476,440,426,76,0,2,1,4,6,5,0,2,4,3,17,0,0,1,0,1,12,3,8,42,80,1,2,2,10,23,33,3,33,0,2,5,14,103,26,28,31,44,45,20,81,20,22,22,296,23,10,187,35,53,217,35,35,54,59,25
2020-08-13,2609,2692,2666,6464,249,264,469,368,93,468,15,492,431,434,78,0,2,1,4,5,4,0,2,3,2,15,0,0,1,0,2,12,4,8,42,81,1,2,2,9,22,34,3,27,0,4,5,15,87,24,26,34,50,46,20,73,23,25,26,298,22,9,199,34,67,217,34,33,53,60,23
2020-08-14,2621,2719,2689,6442,247,267,447,356,95,477,15,468,437,437,78,1,2,1,5,6,5,0,2,3,4,15,0,0,2,0,3,14,3,7,41,88,1,2,2,7,27,35,3,28,0,4,2,15,82,23,27,34,51,48,24,80,26,23,23,290,22,9,211,32,73,195,40,35,53,59,19
2020-08-15,2710,2713,2616,6467,241,270,428,369,97,493,15,478,430,434,78,1,1,1,4,6,4,0,1,2,4,12,0,0,3,0,2,13,3,4,37,80,0,0,1,7,21,31,3,23,0,4,2,17,83,19,26,31,51,50,18,81,28,21,21,281,21,10,211,31,67,203,40,39,51,60,20
2020-08-16,2728,2681,2588,6399,222,273,431,380,97,475,14,475,423,415,77,1,1,1,4,6,5,0,1,2,5,9,0,0,2,0,3,13,3,3,31,78,0,0,1,5,20,27,0,31,0,4,2,18,77,21,26,26,51,50,18,66,29,23,28,279,20,13,225,29,65,192,43,39,57,66,19
2020-08-17,2803,2637,2575,6298,214,273,441,349,100,444,13,461,427,421,77,1,1,2,4,4,6,0,0,2,5,10,0,0,2,0,3,13,4,4,34,79,1,0,0,4,19,25,1,34,0,3,2,19,81,25,28,25,48,51,17,64,30,25,33,270,28,14,228,30,64,194,40,41,54,65,28
2020-08-18,2870,2676,3063,6455,221,271,425,334,99,425,11,450,420,438,76,2,1,2,5,4,6,0,0,2,5,9,0,0,2,1,3,14,2,4,32,83,1,0,0,6,22,27,1,31,0,4,1,19,86,24,28,24,54,54,15,60,33,27,32,273,32,14,218,30,64,202,39,42,56,71,32
2020-08-19,2823,2686,2674,6507,211,269,412,327,92,436,9,435,410,421,72,2,2,2,5,4,5,1,2,2,4,9,0,0,2,2,3,13,2,5,33,80,1,1,2,7,22,25,1,30,0,3,1,21,88,24,30,24,56,50,16,62,33,23,29,274,34,13,218,24,62,207,39,40,55,73,39
2020-08-20,2983,2609,2692,6362,217,268,372,324,87,441,9,411,412,401,70,2,2,2,6,4,5,1,2,3,4,8,0,0,3,2,2,13,4,8,34,85,1,1,2,7,22,27,1,36,0,1,1,26,92,28,32,19,63,55,19,59,30,21,28,269,41,15,213,24,51,195,38,38,52,72,54
2020-08-21,3031,2621,2719,6295,205,263,381,334,84,430,9,440,407,393,68,1,3,4,6,6,6,1,3,4,2,7,0,0,2,2,4,17,5,11,34,87,1,1,3,8,23,25,1,35,0,1,1,25,93,31,35,22,69,62,15,57,28,26,31,268,43,18,217,21,45,213,34,41,42,77,64
2020-08-22,3026,2710,2713,6433,208,258,400,312,83,405,8,411,404,374,65,2,4,4,7,7,5,1,3,5,3,8,1,0,1,2,5,19,5,11,35,88,2,1,3,6,26,25,1,35,0,1,1,21,90,33,39,26,63,62,19,56,24,25,31,276,44,15,218,19,47,221,32,36,36,70,79
2020-08-23,3079,2728,2681,6425,201,255,395,310,82,406,9,418,407,387,63,2,4,5,6,7,5,2,4,5,2,10,1,0,1,2,4,19,6,14,40,89,2,2,4,7,28,25,1,31,0,1,0,21,89,30,41,25,64,62,18,60,25,22,22,259,42,14,218,22,43,229,28,34,35,70,84
2020-08-24,3078,2803,2637,6431,216,254,397,327,78,427,10,415,397,367,61,3,4,5,6,6,3,2,4,5,1,11,1,0,1,2,4,18,5,13,39,87,1,2,4,9,26,30,1,27,0,1,0,21,82,25,35,20,67,53,21,59,27,24,20,267,34,18,206,20,44,215,26,30,46,79,78
2020-08-25,3324,2870,2676,6645,219,251,409,334,78,428,10,408,398,346,60,2,5,5,6,6,4,2,4,5,2,8,1,0,2,1,4,18,6,14,42,82,1,2,4,8,26,28,2,31,0,0,0,20,80,25,39,18,66,51,25,58,22,24,26,270,29,20,221,18,46,215,25,29,50,75,76
2020-08-26,3515,2823,2686,6586,234,248,413,345,78,428,10,396,402,343,62,2,5,4,6,5,4,1,2,5,2,8,1,0,3,0,4,16,10,12,37,81,1,1,2,7,24,25,2,32,0,0,0,18,82,28,38,20,64,59,29,56,17,28,33,270,25,18,223,17,50,210,19,29,53,68,72
2020-08-27,3535,2983,2609,6664,234,244,409,351,78,418,10,420,402,351,62,2,4,4,4,5,4,1,2,4,3,10,1,0,2,0,6,14,7,9,33,66,1,1,2,6,27,19,5,30,0,0,0,11,80,34,37,25,52,56,29,55,21,25,36,270,15,18,213,18,47,205,23,30,58,66,62
2020-08-28,3670,3031,2621,6739,251,240,399,353,78,430,10,396,402,344,61,2,4,2,4,2,3,1,2,4,3,9,1,0,3,0,3,10,7,6,34,62,1,1,2,7,24,20,5,29,0,1,0,11,81,31,36,23,47,47,33,57,21,24,33,268,13,16,208,21,53,207,29,29,56,60,51
2020-08-29,3776,3026,2710,6825,255,239,398,359,76,449,10,429,401,352,60,1,3,3,3,3,6,2,4,3,2,7,0,0,3,1,2,12,7,8,34,70,0,2,4,7,23,20,5,31,0,1,0,15,83,28,37,21,48,46,32,67,24,23,34,254,17,21,207,25,50,191,28,28,63,71,36
2020-08-30,3854,3079,2728,6834,259,236,409,359,76,434,9,434,405,335,59,1,4,2,4,2,5,1,3,4,2,9,0,0,3,1,2,11,7,5,35,66,1,1,3,6,23,25,5,29,0,1,0,16,94,32,35,21,42,43,34,63,21,24,40,254,19,21,205,23,49,193,28,27,67,75,32
2020-08-31,3979,3078,2803,6910,242,232,406,350,76,419,9,454,425,363,58,0,4,1,4,2,5,1,3,4,2,6,0,0,3,1,3,9,7,4,38,64,1,1,3,4,21,18,4,28,0,1,0,15,101,39,41,26,42,45,35,65,20,22,42,244,20,19,203,25,47,192,34,33,67,74,33
2020-09-01,3359,3324,2870,7458,237,235,409,347,76,451,10,449,440,393,58,0,4,2,4,3,4,2,4,4,1,6,0,0,2,1,3,11,6,4,35,66,1,2,4,5,18,19,3,27,0,1,0,17,99,42,35,32,38,46,32,65,20,19,40,232,24,17,195,25,43,188,36,29,60,67,32
2020-09-02,4331,3515,2823,7503,229,237,410,340,77,446,11,466,453,416,56,0,4,3,4,5,4,3,6,4,1,6,0,0,1,1,3,14,3,6,37,71,1,3,6,8,19,19,3,22,0,1,0,16,104,41,35,31,37,46,31,67,25,21,36,237,23,17,195,31,39,188,41,28,62,79,36
2020-09-03,4407,3535,2983,7561,231,240,413,350,78,459,12,473,467,409,54,0,5,3,5,5,4,3,6,5,0,4,0,0,1,1,1,16,3,7,39,71,1,3,6,8,15,23,1,22,0,1,0,18,107,32,32,28,34,46,29,72,23,24,31,234,25,16,211,33,35,191,38,32,56,81,44
2020-09-04,4444,3670,3031,7748,226,245,426,347,83,455,12,470,479,426,55,0,4,3,4,6,3,3,5,4,0,5,0,0,0,1,1,16,2,7,40,65,1,3,5,7,14,20,1,20,0,0,0,17,109,35,28,28,30,45,30,68,23,22,36,227,24,20,205,32,31,160,27,35,63,89,48
2020-09-05,4560,3776,3026,7874,220,246,419,355,86,455,13,455,488,412,56,0,5,2,5,5,0,2,3,5,2,7,0,0,0,0,3,15,2,5,42,60,1,2,3,9,18,22,1,18,0,2,0,19,123,39,24,30,29,49,28,56,29,20,38,240,20,20,205,29,30,179,27,41,62,84,48
2020-09-06,4666,3854,3079,8021,218,248,410,365,87,480,14,443,481,428,55,1,4,2,4,5,0,2,3,4,2,4,0,0,0,0,3,14,1,4,42,60,0,2,3,10,18,22,2,18,0,2,0,17,120,35,26,31,36,46,26,57,28,23,32,234,18,18,210,29,33,165,30,39,58,74,44
2020-09-07,4834,3979,3078,8167,238,250,390,372,88,498,14,433,475,390,56,1,5,2,4,7,1,2,3,4,4,5,0,0,0,0,2,16,1,4,37,67,0,2,3,10,23,22,2,22,0,2,0,17,121,36,29,28,35,52,23,57,30,25,36,237,17,19,225,30,39,172,24,35,53,75,41
2020-09-08,5821,3359,3324,8494,233,246,377,365,94,479,14,465,470,392,56,1,4,1,3,6,2,1,2,3,5,7,0,0,0,0,3,14,2,4,42,70,0,1,2,9,24,27,2,22,0,2,0,15,118,33,34,24,40,48,24,52,30,26,32,241,14,18,226,31,41,168,26,33,51,79,38
2020-09-09,5146,4331,3515,8852,225,252,389,368,99,483,14,469,462,354,55,1,3,1,3,5,3,1,2,3,6,8,0,0,0,0,4,14,1,3,50,82,0,2,2,6,31,27,3,26,0,2,0,28,112,30,35,21,46,43,22,49,25,20,31,234,16,19,221,27,44,164,28,34,48,69,34
2020-09-10,5519,4407,3535,8738,224,262,390,357,104,467,14,453,464,376,56,1,3,1,2,7,3,1,2,2,8,8,0,0,0,0,4,14,1,2,48,84,0,2,2,6,34,27,2,24,0,2,0,27,109,33,40,23,47,46,22,48,24,20,35,236,16,18,206,25,46,159,28,34,58,70,28
2020-09-11,6062,4444,3670,8622,219,267,415,358,109,472,14,462,456,363,55,1,3,2,3,7,3,2,3,2,8,7,0,0,0,0,4,15,1,3,50,88,0,3,3,5,31,27,3,26,0,3,0,26,99,32,44,20,47,44,19,43,25,20,30,222,13,15,194,24,41,173,26,28,57,64,30
2020-09-12,6378,4560,3776,8661,225,272,409,360,116,466,13,478,458,381,56,1,3,3,2,10,3,3,5,1,9,5,0,0,0,1,2,17,1,4,46,96,1,4,5,4,30,28,3,27,0,1,1,21,82,31,50,21,46,45,25,40,18,20,31,187,11,10,181,24,40,160,27,24,56,61,31
2020-09-13,6748,4666,3854,8719,223,275,413,348,118,449,13,466,469,396,57,0,4,3,2,12,4,3,5,2,12,5,0,0,0,1,4,19,1,4,46,94,1,4,5,3,32,24,3,25,0,1,1,20,76,32,46,22,39,48,30,38,19,15,35,175,11,12,166,26,36,165,24,26,58,64,32
2020-09-14,7014,4834,3979,8896,215,280,426,342,119,458,14,450,472,421,58,1,5,3,2,12,6,3,5,2,12,4,0,0,0,1,4,20,2,5,47,87,1,4,5,2,28,29,3,24,0,1,1,21,63,26,38,20,36,38,31,38,15,11,27,158,11,8,141,25,32,159,27,25,57,60,38
2020-09-15,7451,5821,3359,9513,227,294,439,337,122,460,15,428,471,399,59,1,6,3,3,13,5,3,5,2,12,2,0,0,0,1,3,21,1,5,42,80,1,4,5,3,26,25,3,23,0,2,1,20,58,24,36,21,31,39,29,39,20,10,31,149,11,10,127,26,26,163,24,26,60,65,43
2020-09-16,7942,5146,4331,9685,231,302,401,338,123,466,17,413,476,446,59,1,7,4,3,15,4,3,4,2,12,1,0,0,0,1,3,24,1,7,37,69,1,3,4,3,22,28,2,19,0,2,1,9,52,24,38,24,25,36,27,38,21,8,32,142,7,9,112,22,18,162,16,24,59,72,39
2020-09-17,8087,5519,4407,10025,241,306,411,346,127,480,18,419,484,435,61,1,7,4,4,14,4,3,4,3,11,1,0,0,0,1,5,24,1,7,38,72,1,3,4,4,22,26,2,18,0,2,1,10,51,20,35,23,24,34,24,33,23,3,28,126,6,9,101,23,17,163,16,20,53,67,39
2020-09-18,8245,6062,4444,10564,251,319,389,358,126,493,19,413,489,452,62,1,7,4,3,15,4,3,4,3,11,1,0,0,0,1,5,24,2,7,36,74,1,3,4,5,24,26,1,17,0,1,1,12,51,16,32,22,24,34,23,36,24,2,27,123,7,7,100,31,16,160,21,19,50,62,38
2020-09-19,8653,6378,4560,10950,253,332,398,370,132,492,22,401,499,456,62,1,7,3,4,12,4,2,2,4,9,1,0,0,1,0,5,21,3,6,39,68,0,2,2,6,21,25,1,15,0,1,1,12,47,13,25,21,22,28,20,37,26,3,24,126,10,10,96,33,18,174,19,22,50,70,41
2020-09-20,9064,6748,4666,11315,259,345,392,381,139,520,23,408,506,436,63,1,6,3,5,10,3,2,2,4,7,0,0,0,2,0,4,20,3,9,38,68,0,3,2,6,19,24,3,15,0,1,3,12,47,13,32,20,31,28,17,34,28,3,21,121,10,9,94,31,14,184,19,22,51,71,49
2020-09-21,9674,7014,4834,11607,263,362,393,399,144,538,23,438,510,450,64,0,5,3,6,8,0,2,2,5,5,1,1,0,2,0,4,18,2,9,37,66,0,3,2,6,19,24,5,11,0,1,3,14,46,12,37,18,30,29,18,28,31,3,19,120,10,9,94,30,15,202,16,18,51,68,42
2020-09-22,10062,7451,5821,12427,258,377,405,439,149,528,24,465,526,478,65,0,4,3,5,7,1,2,2,5,4,2,1,0,2,0,5,16,2,8,37,65,0,3,2,4,19,25,5,12,0,0,4,14,43,17,36,15,27,33,21,27,31,3,22,115,9,8,97,30,14,198,14,17,54,57,42
2020-09-23,10443,7942,5146,12518,258,388,442,435,164,539,24,483,543,466,67,0,4,1,5,4,2,1,1,5,3,2,1,0,2,0,4,10,2,5,33,66,0,2,1,4,16,25,6,15,0,0,4,14,43,15,34,11,30,30,19,29,31,3,17,111,9,9,94,29,13,200,14,16,49,48,48
2020-09-24,11160,8087,5519,12724,259,398,465,429,177,534,26,474,547,475,66,0,4,1,5,4,2,1,1,5,2,3,1,0,2,0,2,10,3,5,34,65,0,2,1,3,17,24,6,17,0,1,4,15,35,14,41,8,29,28,22,31,32,6,16,118,8,10,91,25,10,203,12,17,45,52,45
2020-09-25,11656,8245,6062,13124,273,399,457,429,188,547,27,493,561,493,65,0,4,1,5,3,2,1,2,5,2,3,1,0,2,0,2,9,2,6,32,61,0,2,2,4,15,27,7,15,0,1,4,17,37,16,41,12,29,26,20,24,32,5,15,118,8,10,89,18,13,204,7,16,47,51,43
2020-09-26,12327,8653,6378,13703,289,405,455,431,186,544,27,497,558,488,67,1,3,1,4,3,2,1,2,4,4,3,2,0,1,0,2,9,1,6,29,56,0,2,2,2,16,26,7,13,0,1,3,18,32,16,47,8,30,30,16,21,34,4,16,115,5,7,83,18,12,192,8,12,47,42,41
2020-09-27,12882,9064,6748,14186,305,407,449,436,188,497,27,531,567,501,68,1,3,1,4,4,3,1,2,4,4,3,2,0,0,0,1,10,1,3,26,56,0,2,2,2,16,27,4,14,0,1,1,16,25,19,45,8,18,33,15,22,35,6,24,119,7,5,84,20,13,184,7,15,44,37,44
2020-09-28,13080,9674,7014,14822,305,405,455,428,191,459,29,514,568,491,67,2,2,1,3,5,3,1,2,3,5,3,1,0,0,0,1,10,2,2,23,52,0,2,2,3,15,27,3,13,0,1,1,18,31,21,42,10,20,32,12,23,34,6,27,114,8,5,82,19,10,171,8,17,43,34,46
2020-09-29,13747,10062,7451,15546,323,430,417,416,194,488,32,535,573,480,68,3,2,3,4,8,4,2,3,3,6,2,2,0,0,0,0,17,3,4,25,61,0,5,3,4,15,27,4,14,0,3,0,21,33,25,44,17,21,35,15,25,32,5,27,107,9,4,80,15,13,174,11,21,48,42,48
2020-09-30,14458,10443,7942,16072,350,444,403,438,196,485,36,542,572,451,68,5,1,3,3,9,3,2,3,2,7,2,2,0,0,0,0,17,3,4,26,56,0,5,3,6,14,28,3,13,0,4,0,23,30,27,48,21,16,43,15,24,33,6,33,105,11,5,83,16,13,180,17,22,54,53,46
2020-10-01,14501,11160,8087,16648,364,444,383,439,192,479,38,547,568,420,69,5,0,4,3,9,3,3,5,2,8,1,3,0,0,0,1,19,2,6,25,70,1,8,5,6,15,28,3,10,0,3,0,22,33,28,41,23,18,47,16,26,32,5,33,93,13,6,85,18,15,174,18,27,57,54,48
2020-10-02,15156,11656,8245,17068,368,449,399,433,189,455,40,518,567,404,70,6,0,3,3,10,5,3,5,2,9,2,3,0,0,0,2,19,2,8,31,76,1,8,5,5,18,26,5,12,0,3,0,21,33,28,44,21,19,52,17,32,30,5,31,101,14,5,87,15,16,178,19,30,55,54,57
2020-10-03,15566,12327,8653,17827,355,472,390,434,194,466,41,546,576,393,73,5,0,3,3,10,5,4,6,2,6,2,2,0,1,0,2,18,2,10,30,82,1,9,6,5,17,26,5,13,0,3,1,20,31,27,35,21,21,46,19,31,26,6,30,98,14,9,85,13,15,168,17,29,54,62,56
2020-10-04,15883,12882,9064,18323,367,485,406,444,200,497,42,555,578,381,74,5,0,3,2,9,4,4,6,1,5,4,2,0,1,0,2,16,2,10,31,75,1,8,6,6,17,27,5,11,0,3,1,21,29,24,31,19,22,44,20,29,24,4,22,78,12,9,71,9,15,150,17,25,53,65,43
2020-10-05,15874,13080,9674,18543,379,491,393,462,208,504,42,579,587,364,75,6,0,4,2,8,4,4,6,1,4,3,2,0,1,0,2,17,2,13,31,78,2,8,6,5,19,24,8,14,0,3,1,15,24,23,30,17,21,45,19,28,26,6,23,63,10,9,68,8,15,138,19,26,51,67,41
2020-10-06,14696,13747,10062,19335,379,474,415,479,219,501,39,576,587,346,75,6,0,2,1,7,2,3,5,1,5,3,1,0,1,0,2,13,1,12,26,75,3,5,5,5,21,20,8,12,0,1,2,13,25,15,30,10,21,41,15,24,23,6,19,60,8,10,65,8,13,125,19,25,41,64,40
2020-10-07,15730,14458,10443,20030,383,464,412,469,239,496,34,579,590,376,76,4,0,2,1,6,2,3,5,2,4,4,1,0,1,1,2,12,1,13,23,75,3,5,5,3,27,16,8,11,0,0,2,11,28,16,27,8,21,34,18,19,19,6,18,51,6,9,56,8,13,108,13,24,35,56,41
2020-10-08,16420,14501,11160,20206,379,463,399,468,268,508,31,601,591,398,75,4,0,1,0,6,2,2,3,1,4,4,0,0,1,1,1,9,2,11,21,57,2,2,3,3,22,15,8,12,0,0,2,11,24,19,26,10,19,33,16,15,19,4,18,47,4,11,50,7,12,107,13,17,32,56,48
2020-10-09,16215,15156,11656,20826,364,460,383,481,307,523,27,644,587,372,74,3,0,2,0,5,1,1,1,1,4,4,1,0,1,2,0,9,2,8,14,49,2,1,1,4,21,14,6,10,0,0,2,10,23,19,21,8,15,30,16,11,21,5,24,37,5,11,48,10,8,96,12,15,31,62,44
2020-10-10,16250,15566,12327,21412,377,446,397,463,348,513,29,645,582,373,68,3,0,4,1,6,1,0,2,2,5,4,1,0,0,2,0,14,2,9,18,46,2,2,2,4,21,14,7,9,0,0,1,8,28,19,25,9,13,35,14,14,23,5,24,36,4,7,51,9,7,103,13,17,34,59,39
2020-10-11,16159,15883,12882,21574,354,438,380,450,382,523,32,628,564,376,67,4,0,4,1,6,2,0,2,2,5,2,2,0,0,2,1,14,2,9,17,55,3,2,2,5,21,17,8,14,0,0,4,12,38,18,27,9,13,35,12,16,22,6,28,52,7,8,62,8,9,120,13,18,36,56,39
2020-10-12,16350,15874,13080,21306,353,431,371,441,411,529,33,596,551,403,67,2,0,3,1,6,2,0,2,2,5,2,2,0,0,2,1,12,1,7,22,50,2,2,2,5,18,17,5,12,0,0,4,12,38,22,24,13,11,39,11,17,20,5,26,62,8,8,69,10,9,119,12,16,36,55,39
2020-10-13,17887,14696,13747,21984,352,410,353,403,420,512,34,568,540,431,64,1,0,4,1,5,2,0,4,2,3,2,2,0,0,2,1,11,1,9,24,47,1,3,4,6,20,17,4,10,0,0,3,12,38,29,21,18,10,43,12,19,23,6,30,77,10,9,68,11,11,123,11,18,42,61,49
2020-10-14,16799,15730,14458,22146,336,405,372,391,441,480,36,552,532,426,63,1,0,4,1,5,2,0,4,1,3,1,2,0,0,1,1,11,1,8,23,41,1,3,4,6,15,19,4,10,0,0,3,10,37,28,19,18,9,43,13,17,26,6,30,81,10,8,70,10,13,132,11,21,39,58,46
2020-10-15,16948,16420,14501,22818,334,401,392,385,464,471,36,554,526,427,63,1,1,4,1,8,4,0,5,1,3,1,2,0,1,1,2,14,0,8,24,48,1,3,5,7,17,20,5,12,0,0,3,8,37,27,19,15,11,43,13,16,28,7,36,81,11,7,81,9,14,139,8,21,42,60,44
2020-10-16,17515,16215,15156,22910,342,396,393,363,497,462,38,556,527,442,63,1,1,3,1,7,4,0,5,1,2,0,1,0,1,1,2,12,0,7,25,52,2,3,5,5,18,20,4,12,0,0,3,6,35,27,22,14,12,41,14,16,26,6,37,82,10,9,75,7,16,147,8,24,45,58,43
2020-10-17,17598,16250,15566,23299,331,381,394,368,512,472,35,548,523,446,63,1,1,2,0,8,4,0,4,0,2,0,1,0,1,1,3,10,1,5,21,57,2,2,4,6,18,22,4,16,0,1,3,7,36,25,24,16,12,43,14,12,26,5,36,83,11,11,75,11,15,142,8,22,42,54,48
2020-10-18,17783,16159,15883,23507,338,368,396,369,518,468,31,517,524,468,62,1,2,3,0,12,4,0,5,0,5,0,0,0,1,1,3,15,1,6,21,60,1,3,5,4,20,15,3,14,0,1,0,2,28,25,22,15,11,49,16,14,26,4,35,79,11,10,69,12,12,142,8,20,42,59,59
2020-10-19,18038,16350,15874,23618,327,360,416,355,517,460,29,538,525,440,62,1,2,3,0,13,4,0,5,0,6,0,0,0,1,1,3,16,1,5,20,64,1,3,5,5,22,16,3,13,0,1,0,4,31,21,27,13,15,46,18,14,24,3,35,79,11,11,64,15,11,142,5,19,43,57,65
2020-10-20,18942,17887,14696,24309,322,359,439,359,557,464,29,555,524,433,62,2,2,2,0,12,4,0,3,0,6,0,0,0,1,1,3,14,1,2,20,62,1,2,3,6,19,18,4,15,0,1,0,5,29,13,30,10,16,38,15,13,20,3,31,70,10,10,69,16,9,149,7,14,38,51,55
2020-10-21,19334,16799,15730,24544,318,348,428,358,577,465,28,543,526,452,61,2,2,2,0,14,4,0,3,0,8,0,0,0,1,1,3,16,1,2,20,65,1,2,3,7,21,17,4,17,0,1,0,7,32,15,27,9,16,42,13,15,17,3,29,73,11,10,75,16,8,143,10,12,48,55,63
2020-10-22,19303,16948,16420,25203,322,340,438,365,572,456,27,542,529,459,61,3,1,2,0,13,3,0,2,0,9,1,1,0,1,1,2,16,1,2,22,71,2,2,2,10,24,17,4,16,0,1,0,11,33,15,27,9,15,47,13,18,14,2,28,80,15,9,70,19,8,147,15,14,57,53,61
2020-10-23,19477,17515,16215,25951,315,337,417,368,552,457,27,542,522,484,63,3,1,3,0,15,3,0,4,0,10,1,1,0,1,0,2,20,1,4,20,68,1,4,4,10,22,17,4,17,0,1,0,12,35,14,26,9,18,50,14,22,13,2,22,84,13,9,73,20,11,146,15,10,58,50,58
2020-10-24,20374,17598,16250,26502,313,331,403,363,534,454,25,527,521,491,63,3,1,3,0,13,3,0,5,0,9,1,1,0,1,0,1,18,0,4,24,56,1,4,5,10,20,14,4,17,0,0,0,14,34,19,24,15,17,48,14,24,10,2,28,87,15,10,83,18,12,151,18,9,68,49,60
2020-10-25,20520,17783,16159,26926,311,330,422,354,523,450,25,532,515,504,63,2,0,2,0,9,4,0,4,0,7,1,1,0,1,1,0,13,1,3,27,53,1,3,4,10,18,20,4,20,0,0,0,18,40,19,24,16,19,44,13,24,8,2,28,84,13,12,87,19,15,165,18,11,69,48,53
2020-10-26,20758,18038,16350,27156,309,333,419,359,522,431,23,522,510,508,61,3,0,2,0,8,4,0,4,0,6,1,1,0,1,1,1,13,2,4,24,54,2,4,4,10,19,20,4,20,0,0,0,17,38,22,23,16,17,44,12,25,9,2,36,90,12,13,89,18,15,170,21,16,83,53,52
2020-10-27,20180,18942,17887,28421,311,337,427,370,503,425,22,530,509,502,62,2,0,2,0,8,4,0,4,0,6,1,1,0,1,1,2,13,2,5,25,54,2,4,4,8,19,20,3,18,0,0,0,17,37,27,19,16,18,48,15,23,8,2,44,89,12,12,87,16,16,171,17,18,105,51,52
2020-10-28,22196,19334,16799,28955,305,339,417,360,478,434,23,545,501,500,62,2,0,3,0,7,4,0,6,0,4,1,1,1,1,1,2,13,2,7,28,57,2,7,6,8,16,20,3,18,0,0,0,17,39,27,24,15,17,47,14,24,10,2,45,82,11,11,86,16,15,177,17,18,102,45,46
2020-10-29,22840,19303,16948,29186,303,344,396,356,475,457,24,527,495,481,61,1,0,4,0,7,3,0,8,0,3,0,1,2,0,1,2,13,2,8,28,48,1,8,8,4,11,22,2,18,0,0,0,16,39,25,30,19,16,42,14,21,8,2,40,78,7,11,84,15,13,184,13,19,93,44,43
2020-10-30,22949,19477,17515,29814,299,343,429,355,460,431,26,477,493,445,60,1,0,4,0,6,3,0,8,0,2,0,1,3,1,1,2,12,2,10,31,55,1,8,8,4,11,22,2,18,0,1,1,15,37,27,32,25,17,44,12,21,8,2,43,81,8,12,90,18,10,195,16,24,100,52,57
2020-10-31,23939,20374,17598,30594,293,349,442,366,452,426,28,483,493,441,61,1,0,4,0,6,3,0,7,0,3,1,1,4,1,1,3,12,3,11,27,64,1,8,7,3,14,30,3,18,0,1,1,17,41,22,33,17,17,44,15,21,8,4,38,81,6,9,89,18,10,195,13,27,91,51,55
2020-11-01,24987,20520,17783,30988,303,354,413,366,446,410,34,500,494,415,60,1,0,4,0,6,1,0,7,0,2,1,1,4,1,0,3,12,2,12,25,59,1,8,7,4,11,32,7,12,0,1,1,13,42,21,36,19,19,43,15,18,8,5,39,103,9,7,95,21,10,185,16,25,95,49,57
2020-11-02,25855,20758,18038,31380,311,353,409,353,429,434,44,507,490,426,62,0,0,5,0,7,1,0,9,0,2,1,1,5,1,0,2,13,2,12,31,57,0,8,9,3,9,39,6,13,0,1,1,17,46,26,35,18,18,45,17,17,8,5,43,92,11,6,97,20,15,193,17,21,93,46,54
2020-11-03,28807,20180,18942,32618,315,351,390,329,423,430,53,496,486,427,59,0,0,6,0,10,1,0,11,0,4,1,1,6,1,0,1,17,2,13,28,61,0,9,11,3,11,37,7,17,0,1,1,15,46,22,37,18,17,44,15,20,8,4,35,87,11,7,100,19,13,186,17,23,78,46,52
2020-11-04,28572,22196,19334,33823,330,351,383,335,414,446,56,497,484,430,57,0,1,5,1,9,1,0,9,0,4,2,1,5,1,0,1,16,2,11,26,59,0,6,9,2,11,37,7,15,0,1,1,13,41,19,36,20,16,44,15,23,5,3,34,90,11,8,99,21,12,195,18,25,86,49,53
2020-11-05,28539,22840,19303,34550,317,334,362,320,387,430,57,485,474,410,55,1,2,5,2,8,2,0,9,1,4,2,1,5,1,1,1,16,3,11,25,61,0,6,9,2,13,36,7,15,0,1,1,11,40,18,33,19,17,41,13,22,5,3,37,94,12,6,101,21,18,176,19,23,86,44,48
2020-11-06,31595,22949,19477,35659,309,325,345,315,373,454,56,476,465,432,52,1,2,4,2,8,2,0,7,1,6,2,2,4,0,1,1,14,3,7,24,53,0,4,7,2,15,37,7,14,0,0,0,11,39,14,34,16,12,39,13,22,4,4,36,91,14,5,98,20,19,174,19,18,78,39,40
2020-11-07,31827,23939,20374,36904,317,316,314,306,351,440,56,444,452,426,49,3,3,4,3,8,3,0,8,2,7,1,2,4,0,3,2,15,2,6,24,52,0,4,8,2,18,29,5,11,0,0,0,6,36,16,38,17,11,35,12,21,3,3,38,85,14,5,86,22,21,175,20,14,81,35,43
2020-11-08,31784,24987,20520,38399,295,315,329,304,334,451,55,436,446,414,48,3,3,4,4,9,4,0,8,3,8,2,2,4,0,3,2,18,2,5,25,56,0,4,8,3,23,27,2,13,0,0,0,7,34,15,34,17,7,35,14,22,3,6,39,59,10,10,74,23,23,165,19,16,87,41,38
2020-11-09,31876,25855,20758,39615,288,320,318,319,326,444,56,416,447,398,46,3,3,3,5,10,4,0,6,4,9,2,2,3,0,3,2,20,1,4,18,56,0,3,6,4,24,20,3,12,0,0,0,2,37,6,33,18,7,35,11,24,4,6,25,61,8,10,68,21,19,168,15,15,77,41,38
2020-11-10,33468,28807,20180,42720,284,329,330,346,308,443,50,411,450,393,49,3,3,2,5,7,4,0,4,4,8,2,2,2,0,3,3,17,1,2,18,52,0,2,4,4,22,22,3,9,0,0,0,3,40,7,32,17,5,31,15,22,4,6,26,64,7,9,57,23,19,161,19,12,83,44,37
2020-11-11,33436,28572,22196,44271,282,340,351,365,285,465,58,401,455,378,49,4,3,3,6,12,5,0,4,5,8,1,2,3,0,4,4,24,1,5,22,62,1,2,4,5,24,21,4,11,0,0,0,6,41,7,34,19,8,35,17,22,4,6,25,63,10,9,55,22,19,148,18,15,70,45,45
2020-11-12,34675,28539,22840,45573,292,363,387,376,278,468,70,385,467,403,52,3,2,2,5,10,5,0,2,4,7,1,1,2,0,3,5,22,0,4,23,60,1,1,2,6,23,20,4,12,0,0,0,5,46,9,31,17,7,39,18,25,4,7,25,56,8,10,53,24,13,145,19,15,76,48,53
2020-11-13,33289,31595,22949,48095,300,390,399,379,268,453,80,413,479,381,55,3,3,2,8,9,4,0,2,5,5,1,0,2,0,3,5,25,1,4,23,59,1,1,2,10,25,23,4,12,0,0,0,5,49,11,27,16,8,38,19,21,4,7,27,51,6,8,51,20,11,138,17,17,83,45,51
2020-11-14,33524,31827,23939,48935,303,423,418,382,270,462,95,426,493,403,58,1,3,1,9,10,3,0,0,5,6,2,0,1,1,1,3,27,1,4,25,56,1,1,0,10,24,24,4,12,0,0,1,7,45,9,23,14,13,42,20,20,4,6,25,53,5,13,52,16,11,129,15,24,82,57,51
2020-11-15,35074,31784,24987,49971,319,441,435,379,266,448,99,456,511,421,62,1,3,1,10,11,2,0,0,5,7,1,0,1,1,1,3,28,1,4,22,55,1,2,0,9,23,20,3,12,0,0,1,7,43,9,24,14,14,41,18,19,5,2,20,60,4,10,53,14,6,130,14,24,71,55,62
2020-11-16,36496,31876,25855,50677,332,451,451,376,275,461,98,468,519,443,63,1,4,2,10,11,2,0,2,5,6,1,0,2,1,1,4,28,1,5,23,55,1,4,2,9,23,19,2,11,0,0,1,8,38,11,25,14,15,47,18,17,5,4,29,63,4,9,58,14,6,118,14,27,73,56,70
2020-11-17,35245,33468,28807,53856,325,459,442,361,277,480,103,492,522,426,64,1,5,2,11,13,2,0,2,6,6,1,0,2,1,1,3,30,1,5,25,56,1,4,2,8,24,18,1,13,0,0,1,7,35,9,24,14,20,51,15,20,5,4,25,62,6,11,57,14,10,124,11,32,63,55,71
2020-11-18,36063,33436,28572,54396,325,466,479,349,282,426,98,500,522,416,66,1,4,1,9,10,1,0,2,6,8,1,0,1,1,1,3,24,1,3,22,44,0,4,2,8,25,20,1,12,0,0,1,6,33,8,20,13,20,44,13,16,8,4,24,65,5,11,61,13,11,124,12,25,61,50,66
2020-11-19,36669,34675,28539,54643,330,475,466,355,283,446,95,535,529,388,67,1,5,1,10,11,1,0,2,7,8,1,0,1,1,2,2,24,1,5,21,56,1,5,2,8,24,19,1,13,0,0,1,8,34,6,20,14,19,41,13,15,9,4,22,61,5,13,60,10,12,127,9,25,54,52,63
2020-11-20,37608,33289,31595,55387,325,480,468,361,278,430,108,556,530,384,66,1,4,1,7,11,2,0,2,6,10,1,0,1,1,2,5,20,0,5,22,61,1,5,2,4,22,14,2,16,0,0,1,9,32,5,20,13,19,39,12,15,12,3,20,63,5,13,63,13,12,120,9,33,54,51,63
